number,score,loss,transmission,cooling_factor,eps6d_in,eps6d_out,n_in,n_out,ok,wall_seconds,p_BLS,p_Grad,p_Grad0,p_delf,p_pitchFactor,p_dtRF,p_wedgeScale
0,3.7680306773200822,-3.7680306773200822,0.4564459930313589,94.85179016813392,30248.102248817628,318.89859110935026,287,131,1,101.8672206401825,22.14017899989482,20.262274626550052,22.821443539882402,0.053584088003806055,1.061312831136874,0.013827957676720626,1.2324322739955202
1,4.125491780475189,-4.125491780475189,0.4536082474226804,136.45748829573776,51088.662602910685,374.3925177062374,291,132,1,103.92457556724548,23.43989349261924,23.287993942307388,23.844009366697907,0.05722930798877886,0.5973207499786598,-0.010567067013770082,1.3416012850475512
2,3.17194281960069,-3.17194281960069,0.4594594594594595,51.91705703937597,29307.575851135127,564.5076497480798,296,136,1,104.5989363193512,22.353271231160456,29.848770913433725,16.822451050719692,-0.02749126108284171,1.3868731575959665,0.4457537121860665,1.0680488516818563
3,3.805465597093744,-3.805465597093744,0.5778546712802768,77.78110013290852,22854.472390789964,293.8306651839247,289,167,1,119.6171624660492,21.588913782147273,26.38099136699331,18.612145906079412,-0.00950873299635218,1.459875458458292,0.2401593543637106,1.2682349387189031
4,2.046271952957099,-2.046271952957099,0.1864406779661017,44.42092908811563,32917.498067779554,741.0357852372408,295,55,1,80.17465281486511,23.527935466550225,18.32711751477238,23.24316197713407,-0.05486462806530811,1.2211565097269892,0.48771751487295767,1.4078335835512965
5,1.7343923487031958,-1.7343923487031958,0.13175675675675674,60.48566368752256,31282.72353888036,517.1923664505247,296,39,1,79.10417079925537,22.24914300037968,18.02173556466512,19.64199175755792,0.0338035441868941,0.768006443037068,0.5000110958867775,0.7844776247370673
6,3.219692323574298,-3.219692323574298,0.5659722222222222,44.20786006963024,17132.80336720482,387.551067620544,288,163,1,119.50656151771545,19.140322049282897,23.532231377217155,24.323194357350214,-0.03324302073282576,0.6720574086898824,-0.02849614640154141,1.027933909181661
7,2.2315111189347454,-2.2315111189347454,0.41156462585034015,22.63054043419,17368.250545503048,767.4695439116983,294,121,1,106.10853219032288,22.38713190146792,27.575362254377623,22.85373416157489,0.0017434100445087725,1.1239836582772371,-0.5563114070820926,0.5022674162685098
8,3.4600751606427522,-3.4600751606427522,0.5400696864111498,58.91715234081929,18402.19371546716,312.34017572702095,287,155,1,115.71899771690369,22.7321267308145,19.864920855191453,19.14295864508621,0.013577080468796063,1.2637398533495112,-0.13781395360311854,0.6741329685671595
9,1.9848073644555273,-1.9848073644555273,0.15172413793103448,61.06128084193592,31998.8351245952,524.0446103223388,290,44,1,62.51385045051575,23.204353212488822,18.341893411624987,21.486540771146174,0.026570273088501017,1.1428176320728491,0.5811843114494483,1.2158994544563126
10,2.981544575617522,-2.981544575617522,0.3593220338983051,54.876260298412646,21033.876482171127,383.2964631297872,295,106,1,94.68356132507324,19.268839567596707,18.66684679004708,17.211258344419072,-0.01986825526549435,1.0717618414044596,0.21955521859528682,0.9164335564155393
11,3.702496071873174,-3.702496071873174,0.5536332179930796,73.24052915691773,15803.297747794173,215.77257742001876,289,160,1,113.57303476333618,22.92712636937521,20.970103114830533,16.66198901846696,0.004481728103442495,1.4819973806015274,-0.30536797828268697,1.404237164103705
12,3.397942642999631,-3.397942642999631,0.5358361774744027,55.80533346716185,15037.883549954495,269.4703644912973,293,157,1,117.66427087783813,20.590631334713084,23.757279209938957,24.32778457656452,0.03255233020749411,1.021757710424204,-0.4196495382090998,1.1063159755985434
13,4.25103207999913,-4.25103207999913,0.5155709342560554,136.11668041852448,27825.776630320852,204.42591271520584,289,149,1,113.10337996482849,23.577576516269012,24.161635868265986,22.393200004684207,0.039822704180463964,0.5838501678314669,-0.18155971669636342,1.5072762605291647
14,3.63357372265135,-3.63357372265135,0.4409722222222222,85.82815644277512,23984.918873266637,279.4528027554488,288,127,1,104.89496755599976,23.309219217205175,21.285239569498174,22.375701945653542,0.031138141017203858,0.6022712632497803,-0.12912815542844058,1.2804560438762207
15,4.275232670835525,-4.275232670835525,0.41114982578397213,174.86780039473632,53021.91472743388,303.2114237598078,287,118,1,95.72174787521362,23.52011269549111,23.566906754145236,25.73478338282825,0.05200395046993454,0.5365917983393739,0.10274393983115528,1.4544924074638126
16,3.419181874462445,-3.419181874462445,0.3972602739726027,76.88766692985402,23988.50797312524,311.9942239242398,292,116,1,103.24434733390808,23.25564294520343,21.836689044925492,24.25235631965044,0.034847161926022385,0.5971572327268478,-0.3003454798416239,1.4089446645523969
17,3.9975315582508055,-3.9975315582508055,0.49828178694158076,109.30269841195073,42772.446578262,391.3210487911013,291,145,1,106.15211486816406,23.672872536598256,25.353555634174757,21.27287998344145,0.04920246421985208,0.6370421765431972,-0.08868400687780169,1.1759298173952653
18,3.0052774135399583,-3.0052774135399583,0.3197278911564626,63.15312914816008,23245.825545552976,368.08667850831625,294,94,1,86.67293930053711,21.409911405426534,23.61861068603537,21.626329703036347,0.018168747397120717,0.5760616615879511,0.4664091406037997,1.2745258179468404
19,4.136766326020875,-4.136766326020875,0.5266903914590747,118.8555299558117,31913.09660841602,268.5032544996495,281,148,1,110.16300702095032,22.82202899751862,28.133972734246726,23.088374911554297,0.05469278236987916,0.7512245329635113,0.1135225470726223,1.2864983319307417
20,3.3286097674326545,-3.3286097674326545,0.5308219178082192,52.559110619021176,14829.146975306621,282.14227373055934,292,155,1,115.36627340316772,23.473017212968813,27.644186428355084,24.827373642976696,-0.002111102432909226,0.9583820540859785,-0.3798767030815911,1.3655496358666304
21,2.283269289622239,-2.283269289622239,0.1750841750841751,63.45537065192256,39235.89584464633,618.3226958025431,297,52,1,66.33044171333313,23.771353062427306,22.800721979840993,24.179112965472473,0.05451903760847974,0.6743266103153227,0.5180585725036684,1.3430077303013914
22,3.5751369090838296,-3.5751369090838296,0.6749116607773852,52.89508263483924,14308.268106344267,270.5028027864381,283,191,1,127.02947330474854,21.028970628577767,27.50594948568898,21.88381552898006,0.02183013125958373,0.818735467697652,-0.13201289687485346,1.3818268699134566
23,3.6666767743384,-3.6666767743384,0.46689895470383275,83.7904626495985,30583.80549433658,365.00342076203026,287,134,1,108.24010014533997,22.321900574308923,27.672311143871426,22.086577343870623,0.04118305429915879,0.9574181586389,0.2960220793811557,1.5889624750056925
24,3.240483566106056,-3.240483566106056,0.5463917525773195,46.754131728901285,13471.036081397235,288.12504014634607,291,159,1,120.86115384101868,22.9982765703661,26.995487079444533,20.344816994342203,-0.016799150103187957,0.6105700143820821,-0.25437153771273785,1.5392305302435811
25,3.311718958087204,-3.311718958087204,0.3424657534246575,80.1021403240707,50756.02404419834,633.6412964604161,292,100,1,90.58266282081604,22.95033636910952,29.41953648447233,22.493538568065038,0.0565647506221187,0.6936416261460739,0.42605177332834143,0.8596583427685751
26,3.0148798608958125,-3.0148798608958125,0.5664335664335665,35.991231397046,24925.979161134506,692.5569977352961,286,162,1,123.44455885887146,22.646152617503464,29.242362072461283,23.560192601997045,0.04498668422880521,0.5880176993024884,-0.025853655519304353,1.1498713694001996
27,3.5456383020425926,-3.5456383020425926,0.5689655172413793,60.920744635533026,18134.193967351726,297.6686197097903,290,165,1,116.62496542930603,21.915720685402338,24.5009218661924,20.445445275462994,0.036555534716439714,0.5140363383255325,-0.017398987117465764,1.547848793128424
28,3.5645341904553707,-3.5645341904553707,0.5699300699300699,61.97777174184236,25772.28456106515,415.83109293465924,286,163,1,120.35558533668518,22.835832878951123,29.702260535483838,20.34120663465715,0.03759124157021001,0.7356424750700593,0.12852214739688458,1.1108074641449155
29,3.56458864407303,-3.56458864407303,0.4794520547945205,73.67768882616446,21598.536112865953,293.14893636017354,292,140,1,106.41141986846924,23.061718879869307,25.56540541863689,17.575503510576535,0.05452371176054021,0.9856341135016378,-0.4007660254882452,1.5479279408043967
30,4.005654121284532,-4.005654121284532,0.45964912280701753,119.45574623031523,41042.222335284125,343.5767941724055,285,131,1,102.93522524833679,23.858233510632115,26.35294636070497,25.21330653046515,0.0395701246495384,0.7406592437459502,0.16813258274519838,1.360719337940253
31,3.8711327157473256,-3.8711327157473256,0.558303886925795,85.96881208998485,27806.684103729323,323.45083557306396,283,158,1,114.36208772659302,23.20992868833372,27.164472520594924,21.52531150027354,0.04963358515040445,0.6619052127634897,-0.11145817870748098,1.54409600647846
32,3.57428827823613,-3.57428827823613,0.5894736842105263,60.5102927763641,26178.21943096869,432.62424010604275,285,168,1,119.23352146148682,23.749796941006977,28.372646947742894,23.789397053970326,0.03297030815992856,0.6863108072201496,0.029135095826886614,1.5966444809310485
33,4.323072460901032,-4.323072460901032,0.5384615384615384,140.06570995359672,30171.466764778794,215.4093730348027,286,154,1,111.83127999305725,22.943039356231868,25.101445430449786,23.57092145715401,0.03521265207826239,0.7651957975889527,0.036129372306362956,1.5418674841785343
34,2.2328555643118615,-2.2328555643118615,0.3745704467353952,24.899082346920153,22469.613553707473,902.4273762638009,291,109,1,99.9540376663208,23.851828430914747,28.24041309315436,20.073332623638677,0.0510221972546472,0.5829447075919405,-0.4906270610324853,1.4506279180604171
35,3.244592532666835,-3.244592532666835,0.43902439024390244,58.42786061937846,30001.691745195127,513.4826335784854,287,126,1,103.26789593696594,22.326320591616152,22.227962574699013,25.06417408212258,0.03471546757928476,0.5606729471844542,0.14702912613578592,1.4642079692758392
36,4.060764068883998,-4.060764068883998,0.3472222222222222,167.09363819474325,40094.74847805684,239.95377030050338,288,100,1,92.39104294776917,22.594059116544457,20.795881455976403,23.71834210333435,0.05547041404275384,0.58345750075127,0.12680960289812546,1.4902660237333114
37,3.8458307886234295,-3.8458307886234295,0.476027397260274,98.30851615763105,30737.200759023428,312.66061131202923,292,139,1,111.0365424156189,23.255238352801946,23.999381350574698,22.480350974117854,0.045824598996191304,0.5249390772060052,-0.19566699225798997,1.5339939450312354
38,3.7361480488651457,-3.7361480488651457,0.45454545454545453,92.25951389254276,29493.598529758707,319.6808359960657,286,130,1,105.07698941230774,23.517608187398558,24.36047531473247,24.253941648440833,0.019755873843389476,0.5747885104018844,0.10454367108086801,1.537672079443145
39,3.706040824076601,-3.706040824076601,0.5463917525773195,74.4747311776489,21735.8109873747,291.854843161864,291,159,1,115.97015857696533,22.47433703286877,23.6587023904082,23.74203365276829,0.03060341758712727,0.734922354871577,-0.005607358720075041,1.5891276978712545
40,3.70816558302901,-3.70816558302901,0.6456140350877193,63.16302014979154,14317.564936542129,226.67638283584165,285,184,1,126.46934509277344,21.4,25.0,20.0,0.0,1.0,0.0,1.0
41,4.040182378715295,-4.040182378715295,0.4154929577464789,136.7934320096974,49403.360341693646,361.1530145554898,284,118,1,95.8501648902893,23.519263630545495,22.33937491484709,25.701047564051056,0.05608385627777815,0.6378592844414869,0.03681247871810771,1.4285573726747887
42,3.5984599040664675,-3.5984599040664675,0.6551724137931034,55.774498839776484,14403.23731499595,258.24055105133544,290,190,1,126.09855532646179,21.4,25.0,20.0,0.0,0.7,0.0,1.0
43,3.0030464455693116,-3.0030464455693116,0.20945945945945946,96.1848167187083,42143.414611222215,438.15038640111237,296,62,1,67.68121004104614,20.514045438416964,22.100144574567054,25.94487220258995,-0.036803777184885034,1.314205155785639,0.5773376933632762,0.8144089690644525
44,3.3222521058144685,-3.3222521058144685,0.6433566433566433,43.09074147314149,15269.786318056964,354.36350816972225,286,184,1,125.50119948387146,21.4,25.0,20.0,0.0,0.7,0.0,1.2
45,3.7388598230582657,-3.7388598230582657,0.4355400696864111,96.54684215613723,38376.74714624256,397.4935512046994,287,125,1,102.52122211456299,23.830534706864903,23.434435404894014,25.866422727785555,0.0444488678697173,0.6418893286058429,-0.09454224891346613,1.1010296951256724
46,3.824009817160734,-3.824009817160734,0.45614035087719296,100.38015686866787,34167.180152170724,340.3778318146411,285,130,1,102.4170286655426,22.26675101549707,24.031895597328184,23.29369763864024,0.05462099157940315,0.8429607086937503,0.14252159441674728,1.0746344373068597
47,3.128375164596679,-3.128375164596679,0.3979591836734694,57.38488821441424,18382.968708123004,320.3451166348264,294,117,1,101.0648546218872,23.98520213699812,23.560039382151867,19.61216827167461,0.01581383420946645,0.6955868971062346,-0.4590607815584321,1.5216089644494353
48,3.7465591270095873,-3.7465591270095873,0.6491228070175439,65.28044204789299,18355.005877483807,281.17159292545324,285,185,1,125.63807845115662,21.93652652413991,27.502364825565817,23.73399540126528,0.04740966275650318,0.9890223032272288,-0.11025313398530717,1.110318450499362
49,3.1414903398751894,-3.1414903398751894,0.3159722222222222,73.22898507008559,42401.91576857463,579.0318646092506,288,91,1,85.55605912208557,23.316310460890573,28.484161196084585,23.912973279107476,0.055350625248949036,1.016959897189618,0.4373509808644507,1.2378938950021126
50,2.6840781476953346,-2.6840781476953346,0.4520547945205479,32.39584025541016,17334.629266375086,535.0881202558152,292,132,1,108.36468529701233,23.619901410858187,26.48104599370427,19.029432957948565,-0.020916722346567586,1.3556586688011238,-0.5391875753563077,1.123021692715383
51,3.198259068922183,-3.198259068922183,0.4377104377104377,55.94990614458963,20698.168697977122,369.9410798739765,297,130,1,105.68681383132935,20.445815614761244,20.644294357025903,16.29853453707804,-0.05868039836534265,0.986659557708453,-0.5165113361461383,0.5990882864496567
52,3.701483249100389,-3.701483249100389,0.5441696113074205,74.43881734805939,24025.498949917754,322.75497926813983,283,154,1,110.21854972839355,19.421336396103307,28.798003116634295,16.819211593919285,-0.03822627129363453,0.5987679673709809,0.21895420115708109,0.6054484991874187
53,3.799342938544257,-3.799342938544257,0.3875432525951557,115.2692568277353,34889.20434976969,302.6757117199951,289,112,1,96.63975691795349,23.022049782982656,21.23286125563656,15.748080558088558,-0.05406224182829359,0.7552885460449116,0.3196095708713669,0.8939768326987431
54,3.9798565467543616,-3.9798565467543616,0.35294117647058826,151.6098464932899,28324.986892886092,186.82814835604842,289,102,1,94.1896870136261,22.325597183054246,19.24008571148932,23.107848816809636,0.0470423225539125,0.7159743756214909,0.05425940009357903,1.5060752796016008
55,3.558314192086938,-3.558314192086938,0.3506944444444444,100.09844536502355,23818.06828899165,237.9464356527776,288,101,1,97.46264123916626,20.78718907825076,19.675547504469645,21.217838381392124,0.05491406516198109,0.5042551505827657,0.020661483763108376,1.5331858611955047
56,3.382092136228634,-3.382092136228634,0.28716216216216217,102.49359758706514,20759.808977052242,202.54737335585696,296,85,1,93.28625893592834,19.67967444885614,18.072307095500403,16.43378226695478,-0.04944629092637292,0.575327117816561,-0.4871879934734861,1.4225430884745087
57,3.0666386322569608,-3.0666386322569608,0.4097222222222222,52.4004137834866,24596.879494413206,469.40239052395873,288,118,1,100.26959133148193,21.601717426311,19.629341457447893,21.16628463193502,0.05921758707629306,0.6985300946449218,-0.0937620061196513,1.380808150198292
58,2.8174885324918435,-2.8174885324918435,0.30363036303630364,55.11559797546976,31058.397588011037,563.5137552500867,303,92,1,83.59086275100708,23.402502960058737,25.31834714939166,23.523722220534093,-0.049543954023337146,1.2671876508328632,0.572883854242638,0.5251017037716557
59,2.908073820658492,-2.908073820658492,0.46757679180887374,39.183882590712514,18789.14636957304,479.51211384107467,293,137,1,106.85876727104187,19.4493328909075,26.502900060530038,19.455377684780448,0.05684116318989811,1.0057139642410327,-0.5154224898550434,1.5624891358683968
60,3.626293068539407,-3.626293068539407,0.5659722222222222,66.3871389937279,20988.303949981346,316.1501499855909,288,163,1,117.91966700553894,19.962164764556125,25.126894745980817,15.848130248748621,0.03549334229952384,1.4056268226350168,0.19674247476590112,1.514415948508084
61,2.4716480004985772,-2.4716480004985772,0.17465753424657535,76.96020721140069,44766.16367248443,581.6793547542954,292,51,1,68.64750266075134,22.006269131276778,18.962501525427065,24.409317307258245,0.05706129565480126,0.5746552036871929,0.3653283983877118,1.3814888541337136
62,3.651476356429976,-3.651476356429976,0.4689655172413793,82.16277935993811,28386.2885400071,345.48841654507146,290,136,1,104.31145739555359,23.74843995889256,22.0764808930966,23.10714728498669,0.010805221874395365,1.2428839892941155,0.13296719894109343,1.5183592840504994
63,3.5266263031405702,-3.5266263031405702,0.5226480836236934,65.07062541010407,20236.785758018395,310.9972530689102,287,150,1,112.47684383392334,23.49686873062028,19.447508548975602,21.349042450938697,-0.052327667957467794,1.3402450738150258,-0.2981433055225923,0.561121444298972
64,4.666723209740619,-4.666723209740619,0.33568904593639576,316.8071457716659,61365.95071927094,193.701283377931,283,95,1,87.92228484153748,23.311552602880706,21.6093131104579,24.39466706548572,0.058143401267541625,0.6352193753399372,0.16919932914229946,1.3736082355996926
65,4.475633812576832,-4.475633812576832,0.30662020905923343,286.51165439907453,52095.01268368366,181.8251086258498,287,88,1,88.41104912757874,22.957100948352068,20.46621926095439,25.9305404820557,0.059350138786599074,0.5334790664475891,0.056520510158134196,1.455038397185736
66,4.645196657918319,-4.645196657918319,0.3473684210526316,299.6352759048194,65142.411282898356,217.4056812442576,285,99,1,87.72236466407776,23.974040164339545,21.711324650275415,25.18984708353875,0.05920667488408925,0.6391736263304189,0.06190302106902703,1.5960814775051253
67,2.9394210628396777,-2.9394210628396777,0.23367697594501718,80.90184460337207,33586.90585360165,415.15624295421463,291,68,1,76.50576066970825,23.667934323140372,20.301608625462006,22.216383014186672,0.01982740835060417,0.5288937174536463,0.38517094947399555,1.2289867101793746
68,4.290893868064016,-4.290893868064016,0.41522491349480967,175.88472579759426,42004.65128642544,238.81921011585632,289,120,1,97.08152675628662,23.800609637799642,20.99416395094214,23.661012627388345,0.04334630333105014,0.7152802201997638,-0.007674950291248081,1.4365651424581478
69,4.276782715522878,-4.276782715522878,0.3194444444444444,225.41758571870955,53054.332908744596,235.3602215177177,288,92,1,90.12366557121277,23.65222374144064,20.175574893465036,24.576802955607945,0.054961349593901115,0.5769195921804111,0.07852804247986457,1.3680083654288098
70,3.249276728514025,-3.249276728514025,0.2852233676975945,90.35617751753782,31796.879652660344,351.90598502784917,291,83,1,87.76848292350769,22.563126634798092,18.033488103718387,25.105184692953383,0.04736814463836039,0.5384106925768227,0.0071463815764647165,1.1833726388488994
71,3.0300214641236214,-3.0300214641236214,0.21724137931034482,95.27502038434419,73364.14479590602,770.0249708680344,290,63,1,71.4372923374176,23.705162490837353,19.03892683964611,25.380605630424835,0.05998813773370359,0.7923357474270565,0.23495114575848403,1.5694298031809697
72,3.7783191738101807,-3.7783191738101807,0.30103806228373703,145.30540129250704,49827.5929235163,342.9163161196662,289,87,1,80.51536989212036,23.815564672889778,24.180575786560627,21.920519824962973,0.04882350089621011,0.8830216948028233,0.3028053023907965,1.5582452932742232
73,3.6442993084974473,-3.6442993084974473,0.3111888111888112,122.93487573478338,69192.30783076133,562.8370909166174,286,89,1,80.3862853050232,23.861862493790007,22.02681154250749,24.831381069017013,0.059328016123813776,1.0344651681709274,0.1710408101694017,1.5255887023097332
74,4.622328169142495,-4.622328169142495,0.2992957746478873,339.8998960284516,52851.706642132915,155.49197648977486,284,85,1,87.65722155570984,23.38825736764657,19.057602272723663,24.842571823722505,0.057437691386665185,0.5501380911679034,-0.03632692729105025,1.2516064109478686
75,4.350198969936698,-4.350198969936698,0.32068965517241377,241.64758386799753,57281.91726094562,237.0473411902039,290,93,1,88.03176212310791,23.867747408531297,20.45820824125407,23.23648908423165,0.04969262373720494,0.5126266139521758,0.073750105254792,1.5878289855333005
76,3.0473957446648,-3.0473957446648,0.2264808362369338,92.98988190637165,66704.44233274407,717.3301112470119,287,65,1,73.11543488502502,23.652361676982025,19.57892828920946,24.313235168046308,0.053722699344623925,0.5364303944029435,0.2519762991900949,1.3562915833486642
77,3.852738207115079,-3.852738207115079,0.4160839160839161,113.25099212647001,40563.83333539685,358.1764059964991,286,119,1,99.09200167655945,23.59078841705881,21.61816690909307,24.040123195701533,0.04793671780629159,0.7044377519931615,-0.07396268834011219,1.5591392400518462
78,4.015992728474563,-4.015992728474563,0.36551724137931035,151.7803723725378,39277.01670944559,258.77533501526796,290,106,1,95.8460021018982,23.97372488739058,20.33475166768407,25.16008207768262,0.04843050166811514,0.5724577306302356,-0.17893396131350853,1.4034023011775256
79,4.057601247293381,-4.057601247293381,0.34375,168.2484704074886,36586.52767751886,217.4553360806686,288,99,1,94.59832453727722,23.68089629315285,21.101535181710023,23.70898585778643,0.05637769067254916,0.5907071875641494,-0.28905240181963976,1.5390108987297237
80,4.270395521143382,-4.270395521143382,0.5224913494809689,136.9399313585647,20458.974090709824,149.4010832905989,289,151,1,110.77823424339294,23.552250121345715,20.20274002608405,22.97540821991407,0.011379668329499729,0.9608570365406126,-0.06509823989584163,1.1771541379495198
81,3.3801997635299683,-3.3801997635299683,0.30689655172413793,95.72163239773735,29448.339478399575,307.6456046637131,290,89,1,89.80023145675659,23.292699764480616,18.559673300811333,23.799064229678464,0.03495783029255025,0.5947399027559666,-0.0655767034658277,1.4885593359770273
82,3.7627212042946803,-3.7627212042946803,0.2689655172413793,160.11515907895247,70877.05253055338,442.6629741884967,290,78,1,77.85730504989624,23.82156582167669,20.6312215357639,23.92310053525372,0.053090684014112544,0.8155669138106616,0.25456220461202855,1.0088151577037305
83,4.178587580998568,-4.178587580998568,0.3576388888888889,182.51257466171697,38618.50647165404,211.59367535761623,288,103,1,92.82036018371582,23.82582961405751,20.126989637605625,21.299231571293777,0.02805753374971612,0.6573462098810561,0.13931778329716804,1.5450663643416116
84,3.668733355604286,-3.668733355604286,0.2534722222222222,154.66080971077736,56611.90290477903,366.0390955578587,288,73,1,79.99326825141907,23.619794412229382,19.185744614281468,20.346703737327736,0.049345697906652726,0.6639859555020765,0.15612350604554592,1.508058538161873
85,4.021796105868222,-4.021796105868222,0.3006993006993007,185.57156827323047,47186.06482235136,254.27421485642617,286,86,1,87.01879453659058,23.998475206664025,18.781990291753882,24.295302002963425,0.05090049787554835,0.6373938410166838,-0.012277776131107122,1.0855096094167045
86,4.021440882163706,-4.021440882163706,0.39436619718309857,141.4457496727318,47715.23047805058,337.3394434859375,284,112,1,94.93425726890564,23.55074417952804,23.81749021581221,23.80966011789234,0.050828654943394724,0.5182129628919868,0.11092261315745859,1.4891156872878912
87,4.2420292080430135,-4.2420292080430135,0.4417808219178082,157.42837705038698,42475.16302874989,269.80626888604183,292,129,1,100.46242833137512,23.08676553798744,20.96830039563373,22.521949494035844,0.04901860015660164,0.5965680741657358,-0.02471706469153826,1.2993581047688199
88,4.27552150120172,-4.27552150120172,0.4230769230769231,169.98713648037815,44888.02181099763,264.0671684953003,286,121,1,98.89497995376587,23.167816925309623,24.323632427750262,25.465336017008713,0.057887590353749734,0.5549210017657547,0.018254824366917485,1.512683431149272
89,3.472861636218399,-3.472861636218399,0.3784722222222222,85.15509442284585,44973.56925203477,528.1371544104475,288,109,1,94.1048731803894,23.218086628152943,26.18395158892096,25.80733447083369,0.04541339282281594,0.5113130819581311,0.32407926651496755,1.223707511311968
90,4.180700705212174,-4.180700705212174,0.3298611111111111,198.30064610644118,30095.031480265043,151.7646667883827,288,95,1,92.4157280921936,23.74146456265784,20.00598351391786,25.91363482998111,0.030273281562583465,0.5047188926146869,0.0502029858851804,1.5062482543470432
91,3.547093928411339,-3.547093928411339,0.5137931034482759,67.56084136415839,15184.262034481955,224.74945142612353,290,149,1,112.71307229995728,21.384212151252214,21.942177052284976,25.727490160440365,0.047481582688887344,0.6526276790684563,-0.24672523207398817,1.547679518391892
92,3.5747838826554297,-3.5747838826554297,0.5,71.37381484503759,16905.07609500113,236.8526347051,288,144,1,109.1773362159729,19.756982072956397,19.109067704505705,18.427473573614172,-0.019208376322218595,1.3856713368260363,-0.24967883524319603,1.484087553122984
93,4.228708289007552,-4.228708289007552,0.2992957746478873,229.30001853078454,60090.021087712645,262.05850951401163,284,85,1,84.49167585372925,23.617551159305865,22.98833369137812,25.113841509322405,0.05243576929502073,0.6596676354714696,0.23815131167025055,1.5376527880239192
94,3.4312262339020387,-3.4312262339020387,0.6376306620209059,48.48344002331112,15178.48246114076,313.06529515733325,287,183,1,124.59452700614929,20.56494523533878,28.227135209374158,14.283159938354459,-0.00905248491511305,0.9576985699854543,-0.2403019189854969,1.5203855151988468
95,3.7451634784842236,-3.7451634784842236,0.4204946996466431,100.63366894316627,45321.115099931776,450.3573761732494,283,119,1,99.04129815101624,22.650697085715603,23.0688590663594,25.48322139018762,0.05482807803346284,0.591653486986343,0.1254226536003693,1.3399309163777324
96,3.7493989736105333,-3.7493989736105333,0.3894736842105263,109.11015328872949,40067.72961936079,367.22274152922097,285,111,1,97.2402753829956,22.44613626625545,22.87239168364545,25.198463507045638,0.05667781031700155,0.5893116774352436,0.20241602893742278,1.2672469835751625
97,3.692224850041141,-3.692224850041141,0.6228373702422145,64.4374307610532,22133.943125191054,343.4951217603339,289,180,1,119.83212757110596,21.49970571103471,27.898009936551876,25.52668346214785,0.01619456462681993,0.626313289618577,0.1948285374488632,1.5179534920854092
98,3.9331742648254218,-3.9331742648254218,0.4421052631578947,115.51282215654511,51125.623508642064,442.5969563738619,285,126,1,105.40298986434937,23.475439468714885,24.726724240787576,25.264564452136227,0.05511529171875547,0.516829617863633,-0.022604406177470247,1.5005882323657413
99,3.7717387299166045,-3.7717387299166045,0.5173611111111112,83.99463301362024,21450.89728111672,255.38414195628815,288,149,1,113.32688999176025,22.907740694390665,24.706204215420048,25.905611286865863,0.04245786325617491,0.5714221832387271,-0.23224058946155124,1.3861326851397173
100,3.5805858058490445,-3.5805858058490445,0.5853658536585366,61.31987663665806,18628.785009842057,303.79684421454715,287,168,1,118.55696558952332,20.378355608891987,24.774471990466118,24.333261134002793,-0.039549827969839794,1.4161795197853202,-0.08063081971336034,1.4789357917569532
101,1.4473260620872122,-1.4473260620872122,0.14864864864864866,36.97539307048044,27715.683832571594,749.5710398464594,296,44,1,65.31905245780945,19.58702277432254,19.56082266569559,14.170101148975784,0.0014570715510156247,0.7111165073663984,0.5417477012175241,1.5194043848480856
102,4.061871384208204,-4.061871384208204,0.32867132867132864,176.7203275766585,56973.41465700266,322.3931023571043,286,94,1,85.14704871177673,23.721839365919426,21.07499769732994,23.667812805468934,0.05354605793903866,0.5467768804722936,0.17084954452294,1.4403805014210014
103,3.460271778891761,-3.460271778891761,0.5679442508710801,56.03652968339592,19407.18622539111,346.3309797205664,287,163,1,117.49432492256165,20.37887504033555,19.638146873888417,15.674839323761148,0.04417407590627701,1.4957347718975766,-0.18072506231591354,0.6259726199895147
104,3.3935070542141283,-3.3935070542141283,0.6228373702422145,47.797669899475736,15191.320322039797,317.8255415795158,289,180,1,123.422287940979,23.456643755785304,22.83663181952212,24.090924494530036,-0.015309042381170503,0.8833994470402519,-0.17687281436907215,1.0830347717904338
105,3.9603789203391924,-3.9603789203391924,0.4178082191780822,125.6011836398962,23212.299841038286,184.80956284288618,292,122,1,102.65949177742004,23.188573050238638,18.51528074583091,25.59696040442619,0.03437978534706676,1.199263474568875,-0.15424061446341508,1.2273562450823
106,3.362563729184794,-3.362563729184794,0.42857142857142855,67.34721760777259,16130.238291543094,239.5086072521204,294,126,1,104.52588486671448,22.661242181357842,20.254321137052365,21.30991516520388,0.0006693826569876859,1.0164571118379968,-0.46275512534342017,1.4025869787990508
107,3.5161777955750737,-3.5161777955750737,0.4794520547945205,70.19584878974423,17647.641048097146,251.40576476191146,292,140,1,110.51555967330933,22.809555252294917,18.16534231584728,24.42150869598656,-0.0003033848030928755,1.050007630868517,-0.12602147219592907,1.0199630199231442
108,3.1659265012299467,-3.1659265012299467,0.3576388888888889,66.29788479485836,27263.786733503795,411.23162251502475,288,103,1,90.59734630584717,19.556623029134858,27.80989412595727,20.574025216542243,-0.016699434457057606,1.4075311623219249,0.45490982026587007,1.5955520475426976
109,4.054993029862951,-4.054993029862951,0.4724137931034483,122.10642823343818,23904.781462634088,195.77004919785128,290,137,1,109.30287671089172,22.475500190978547,20.432872877344572,25.909108674893545,0.05928005796574494,0.6727038908966658,-0.23075819799381742,1.0845415838869346
110,2.8102020716000125,-2.8102020716000125,0.3400673400673401,48.85289762723512,25096.453135876207,513.7147304418054,297,101,1,87.80095863342285,19.464690655229933,27.110050812123987,24.51421317375612,0.03213335463321953,0.8938843664845803,0.5449837012677144,0.9099021116099115
111,3.040358909997218,-3.040358909997218,0.33783783783783783,61.901733140241866,23700.494615940857,382.87287630939267,296,100,1,90.19838523864746,23.565142420116615,24.001143982296657,14.297104843408476,-0.04353901129196047,0.6296819289954866,0.44413248713755954,1.3967476311078997
112,2.793924859098968,-2.793924859098968,0.30952380952380953,52.807071935772036,32503.183693307757,615.5081602108254,294,91,1,82.18867874145508,19.698143141352112,24.44800514008089,18.340002743303273,-0.04432263647526462,0.7401641603682165,0.4520476388715642,1.4965501921505926
113,3.3197085927399836,-3.3197085927399836,0.23958333333333334,115.41825936362626,56989.45008784073,493.76459497881484,288,69,1,76.42346596717834,23.141690971781692,20.80738124865209,25.966290726998075,0.05468053409079883,0.5097325545604952,0.2548563977420643,1.5840001995066502
114,3.7576541094782003,-3.7576541094782003,0.5105633802816901,83.92257144309167,31308.169757412677,373.06018177294425,284,145,1,105.75403046607971,23.242587505329958,22.01474610965056,24.623061660368105,0.026515010940912832,1.0868700942977856,0.08678561803882759,1.208200630721284
115,3.9285793181622006,-3.9285793181622006,0.5384615384615384,94.40731188572349,26327.690385509664,278.8734247340751,286,154,1,109.12827777862549,23.163097112246188,22.130113723831865,22.617589650695923,0.031569317502337296,1.0659523608512895,-0.028308669432422363,1.1706700123592582
116,3.9867571852468346,-3.9867571852468346,0.47368421052631576,113.74642025806091,22135.039314274276,194.59987632187153,285,135,1,106.97456407546997,22.128222242172907,19.89627098586562,21.669864100540952,0.0024073216092986727,0.8321523799102938,0.023103390184813694,1.0898545934830353
117,3.705151375880876,-3.705151375880876,0.5,81.31240243872695,24777.00740517796,304.71375413915115,292,146,1,110.16209125518799,23.880934601204526,22.86505045774309,21.108057537714366,0.028901474490188542,0.7253274347114801,-0.17015437750918833,1.3232884696978688
118,2.99233204380983,-2.99233204380983,0.4879725085910653,40.84679062630352,22461.452399380854,549.8951583460923,291,142,1,110.55308628082275,20.32021443743303,29.47074107861031,16.41473747813592,0.05609010565074427,0.5075301704896198,0.35716820394101373,1.1212151463068585
119,3.8957093403926506,-3.8957093403926506,0.5244755244755245,93.79071436320311,24918.056084326166,265.67721819274533,286,150,1,113.33361077308655,23.66970753873121,23.638468856333603,19.24692090167985,0.021420276405999306,0.7345207443557673,-0.05152820401423672,1.3133139019503877
120,3.7065467717723486,-3.7065467717723486,0.5847750865051903,69.62159171090445,16931.058852430247,243.1868970007824,289,169,1,121.69102072715759,23.582995808274873,24.35162409175976,21.79245455662207,-0.003022234813857029,0.807959635872197,-0.0014359922273942116,1.4591241114141547
121,2.944473192622566,-2.944473192622566,0.5324232081911263,35.68711839467014,17130.90062996038,480.03036951615786,293,156,1,119.69867372512817,19.46099687685225,28.074016735672934,21.18727043447179,-0.023588450125904336,0.895383267835953,-0.45696259450924914,0.9189536392980886
122,2.82136825514682,-2.82136825514682,0.4217687074829932,39.83183459957991,20637.829591207388,518.1240030411516,294,124,1,106.50846266746521,23.234190201520555,23.282394604325575,19.892461986459704,-0.042435692379125346,0.6005700741764444,-0.5225716962093818,1.0386848454838074
123,4.586079316110321,-4.586079316110321,0.4329896907216495,226.5851191537096,46956.199382411585,207.23425950385422,291,126,1,103.35540556907654,23.74239080190481,22.854409604381736,24.885601596544827,0.05714490600672129,0.7220686560232378,-0.008830145987483919,1.5822586789000292
124,3.5591735144302468,-3.5591735144302468,0.40069686411149824,87.68261102888393,24199.83932227811,275.993598255261,287,115,1,103.13507318496704,23.593607438692803,19.008468521001912,23.74346433403933,0.024740935995188902,0.9341629353124923,-0.2800216116613513,1.3694538702029837
125,3.4500464926809506,-3.4500464926809506,0.2896551724137931,108.75641065881047,35931.817278997565,330.38803930117285,290,84,1,94.90982007980347,23.669112079443675,20.911703052024446,19.08646422793479,0.05430424145205039,0.5110852278968243,-0.44376292470324996,1.1685322587045728
126,3.6398451544678863,-3.6398451544678863,0.5845070422535211,65.15907607285241,19709.266392172798,302.4792182463799,284,166,1,118.59947729110718,22.010875896825645,26.510422654809815,24.143686271168576,0.049941064157469864,1.0265802389261536,-0.08353283445215531,1.5241934713804648
127,4.064662408431797,-4.064662408431797,0.5159010600706714,112.90002407153376,29936.74126772554,265.1615135950506,283,146,1,109.92331337928772,22.191648423669076,25.860810613168756,25.422189388912372,0.04740925136811097,0.7266638421171246,0.16726344170324525,1.563229837107784
128,3.453772555531917,-3.453772555531917,0.49469964664310956,63.91646718220447,27806.585210524943,435.04571570355523,283,140,1,108.86076712608337,23.038570463129226,25.288380880065965,25.65018451613999,0.04732160974727136,0.8006955936802813,0.0299043126493267,1.5479777073902943
