number,score,loss,transmission,transmission_corrected,decay_survival,cooling_factor,eps6d_in,eps6d_out,n_in,n_out,ok,wall_seconds,p_BLS,p_Grad,p_Grad0,p_delf,p_pitchFactor,p_dtRF,p_wedgeScaleStart,p_wedgeScaleEnd,p_wedgeScaleMidBump,p_irisScale
0,-6.008235094226819,6.008235094226819,0.4794007490636704,0.5235452793128941,0.9156815427556536,223.7548923735451,23874.629987834433,106.69992389698099,267,128,1,86.71708798408508,22.072889239547585,23.132759626314897,19.851223675350454,0.05330739692560037,0.8361821768253888,-0.06894541041537838,1.9848857446298585,3.1906896937016693,0.3292480182224409,1.1890692576221307
1,-6.245514541517881,6.245514541517881,0.5610687022900763,0.6116596676007064,0.9172890285392233,103.70203874338375,24697.761995503573,238.16081433673168,262,147,1,93.5657250881195,22.200693813436118,25.35234783949179,23.058581319250703,0.04781670362797102,1.047765261134883,0.07266957110204911,0.8098485113493407,2.1768987607567647,-0.4640959589238821,1.1295377530443491
2,-5.262459243933094,5.262459243933094,0.549618320610687,0.6004149889908743,0.9153974012781361,189.86112307888345,15651.350975219135,82.4357863337631,262,144,1,93.92725586891174,21.942290363173488,23.13858587239243,19.00835077584157,0.001733169857232628,1.0251394033704297,0.07818089206988019,0.7957650290344124,4.417903175614208,-0.15953986866510106,1.0394331773941274
3,-5.066361075752209,5.066361075752209,0.6007604562737643,0.6561021812007507,0.9156507530188301,170.24199633600088,16220.367899955889,95.27829941527645,263,158,1,98.73202991485596,21.4,25.0,20.0,0.0,1.0,0.0,1.0,3.5,0.0,1.0
4,-5.608473993069397,5.608473993069397,0.5827067669172933,0.6357906405188298,0.9165073056781426,113.10636691900639,16485.975222477082,145.7563855294054,266,155,1,96.76867914199829,21.4,25.0,20.0,0.0,1.0,0.0,1.0,3.5,0.8,1.0
5,-5.3751769500979565,5.3751769500979565,0.625,0.6813156632226015,0.9173427733097604,122.8659280366785,16585.21750345292,134.98630392065917,264,165,1,99.66562867164612,21.4,25.0,20.0,0.0,1.0,0.0,1.0,3.5,-0.5,1.0
6,-5.213599755589313,5.213599755589313,0.6113207547169811,0.6671999832805343,0.9162481565290178,137.3864690265642,15433.012472541126,112.33284166839671,265,162,1,100.73313164710999,21.4,25.0,20.0,0.0,1.0,0.0,1.0,4.5,0.0,1.0
7,-4.894399245766452,4.894399245766452,0.6022727272727273,0.6571141719909415,0.9165419845503345,200.38134232633828,16116.141196787872,80.42735421215687,264,159,1,98.01312136650085,21.4,25.0,20.0,0.0,1.0,0.0,0.8,4.2,0.5,1.0
8,-6.038453238730358,6.038453238730358,0.6501901140684411,0.708797615933579,0.9173141944221352,66.85076762001711,18222.740101308846,272.58834490708847,263,171,1,99.6835412979126,21.755392926074048,27.269982455721944,20.51557859893146,0.017675413608598683,0.9024025206719819,0.04884960456329603,0.7527006277000234,3.3403296566275227,0.09923305372350985,1.073415846682149
9,-4.832222024641487,4.832222024641487,0.5945945945945946,0.6496956934698981,0.9151893733802987,243.33106662016394,17672.101144213153,72.62574972310885,259,154,1,111.50948309898376,20.7412969678722,24.829571472835642,19.516618471273837,0.02651523646132572,0.9273484570522454,0.07566182642492492,0.7995140804318418,4.195401112875745,0.6761243493017982,1.0283486635202195
10,-5.024284646525373,5.024284646525373,0.5655430711610487,0.6168787274163825,0.9167816071882746,264.01747675443806,19111.518240757563,72.3873225200661,267,151,1,106.57939410209656,21.848049140491007,24.4883622743326,21.039880202537994,0.03815390852608817,0.93614805507009,-0.0942386001425371,0.9825822350757576,4.451361912243157,0.9435691141949665,1.0408561827240026
10,-5.4985487535135125,5.4985487535135125,0.6486486486486487,0.7079738518678448,0.9162042453083844,104.80805415321812,16610.915072611428,158.48891773458607,259,168,1,113.683438539505,21.510433495373146,26.933790973725518,20.47756945723428,0.008662139108839525,1.0626304134897273,0.052059646680635834,0.7111973769683952,2.54793656201313,0.18653135208850372,1.0809535261455536
12,-5.011809469825257,5.011809469825257,0.5648854961832062,0.616756021834755,0.9158978205073022,298.53125137335996,21247.17751728781,71.1723728070094,262,148,1,93.08404994010925,20.553512576449958,25.417993849326933,20.75550504324222,0.026122831716271142,0.8704630146360264,0.04603347103154192,1.1765040964037847,4.289176723998295,1.1796864587521125,1.0521322101174768
13,-5.652568262989807,5.652568262989807,0.5670498084291188,0.6186538472144463,0.916586570959382,161.26972762467082,22105.626804288044,137.07238878542233,261,148,1,94.66650938987732,20.790122631459422,25.90862477019811,18.065139118226213,0.04557182158288028,0.9312058108865835,0.05631591048686717,0.9356325524979059,4.138506295851206,0.5762489070975647,1.0099617638208886
14,-6.094359597173863,6.094359597173863,0.5730337078651685,0.6250862656044676,0.9167274013148193,77.09248704115551,17115.217019676737,222.00888408931274,267,153,1,96.85848450660706,20.835446542852697,25.81502999126391,19.44060281318515,0.033105076683216515,1.064567799599974,0.021000012518175813,0.7064931356713275,4.074153544519903,0.7994807276755024,1.049441782488271
15,-5.51118138280422,5.51118138280422,0.5399239543726235,0.58975328726791,0.9155081727036644,200.60782233018998,19847.35542986934,98.93609929727283,263,142,1,92.8158802986145,20.679030139733268,24.42315099625298,19.655937022757417,0.02734689796092312,1.006710976822416,0.08468523279660713,0.9215745679515781,3.7171861964704327,1.2031478205135369,1.0307445661840233
16,-4.990803680811922,4.990803680811922,0.5440613026819924,0.5945656844718896,0.915056682366799,297.13793002970374,17972.773103453805,60.486297059608425,261,142,1,91.44781613349915,21.174241478033835,24.085164197732993,18.686073773707744,0.030633110152000962,0.8669363198302191,0.06477880529671086,1.4936654813812462,4.3363280723525905,0.16679791377006903,1.0656250055083318
17,-5.147718770400836,5.147718770400836,0.5779467680608364,0.6315316615252442,0.9151508994260207,183.8912645820301,16375.2074469989,89.04831604817345,263,152,1,95.00765132904053,20.527793723277146,24.187420795592146,20.036207383165355,0.014899857208699414,0.8294685043768036,0.07160736281061651,0.8197812632352107,3.6022051105776596,0.7120516884253093,1.030932678943553
18,-5.279513789096861,5.279513789096861,0.5703422053231939,0.6224674635690589,0.9162602685335665,189.3528796087349,18275.53281736314,96.5157374692499,263,150,1,95.35601782798767,20.702765205389962,25.22426260784184,21.287999878787808,0.021285719834336345,0.8267915445572701,0.024037000528441124,1.1811656734553573,3.2360775964541335,0.8534872842753878,1.0484284047631651
19,-5.511711584268118,5.511711584268118,0.5769230769230769,0.6301558992256724,0.9155243609271811,142.5756223839698,18145.05179786891,127.26615878977228,260,150,1,95.16250157356262,21.459504489635894,24.22762634218493,18.459392614682372,0.026889579324635468,0.9909788943146691,0.04868836473162305,1.7119007242506692,4.149103837133398,0.07645250328992123,1.1246860675528403
20,-5.1160470711031305,5.1160470711031305,0.5681818181818182,0.6202928892290578,0.915989572100356,278.45008286901395,22491.239585188545,80.7729678276615,264,150,1,95.16017842292786,21.176276535373,23.91849544858675,19.711105836623755,0.05413031141017567,0.8842216238102126,0.026794141979975934,1.278209440913039,4.406862012752009,-0.24853431751708044,1.0424142294789394
21,-5.143749083091842,5.143749083091842,0.5697674418604651,0.622027667011584,0.915984082505215,241.63400328207217,20281.886832806416,83.93639370834036,258,147,1,94.03430938720703,21.737391023755304,24.324891264812212,18.23412264660828,0.027660570199463812,0.853220067564696,0.04971344042465861,1.3455499683999907,4.3300735433740805,1.1304818196531574,1.0865923196339262
22,-5.712575418981851,5.712575418981851,0.5735849056603773,0.6264031819160316,0.9156800639260889,118.95324756768967,18094.8234746981,152.11710352339344,265,152,1,95.40337896347046,20.937285915753783,24.57081635602335,19.266431104826324,0.036172149278761,0.9080777576568279,0.07794177710167628,1.7804768659754844,4.001005252167496,-0.03373661492072905,1.0713140227623978
23,-5.38786640770866,5.38786640770866,0.5708812260536399,0.6231665118137728,0.9160974077250192,164.70361236293246,17780.293327287527,107.95326873649731,261,149,1,96.54658222198486,21.356166061674227,24.371526801148935,19.80607661287791,0.03041852423693504,0.9057100210657631,0.031025379143377448,1.5839808653432292,3.5870862546205906,0.6423489712978953,1.0054179455123757
24,-5.40384410876002,5.40384410876002,0.5538461538461539,0.6053464327614726,0.9149242877662886,188.3785179370959,18410.19522577019,97.72980182335756,260,144,1,92.92576050758362,21.472728418370743,23.638655636015837,19.117468115550185,0.024912024085715516,0.8038820891528411,0.09657749391100127,1.5053506433857877,3.8759191854207637,-0.026823782556909426,1.0078740226658516
25,-6.033403671242359,6.033403671242359,0.5378787878787878,0.5864215447261578,0.9172220780700715,97.60186644733541,16051.734347640935,164.46134620081497,264,142,1,100.17561268806458,21.837679334769927,24.2916651573369,18.875329159356916,0.014049428209068703,1.0999133015934863,-0.04489554975458904,0.7715077353500244,4.393144017380507,0.6926437786283616,1.042245688815545
26,-4.93504015377437,4.93504015377437,0.6053639846743295,0.661063217848367,0.9157429551816123,247.8847932640656,20870.22694889048,84.19325233338512,261,158,1,94.24921894073486,21.635666832296064,23.85579917957619,19.190162036812737,0.02733480203846004,0.8290454757253997,0.05362927153176016,1.278305084505353,3.887202530488092,-0.2538833821404708,1.0780640864097435
27,-5.49557532580643,5.49557532580643,0.5209125475285171,0.568410233939546,0.916437664955764,206.07773157603884,17609.93292315318,85.45286668518789,263,137,1,91.30699300765991,20.979194386245428,26.332624703828586,20.927850688385245,0.02586836046043695,0.8812149954256091,0.012660146228218809,1.3815575565747509,4.421037600290496,1.344717001135524,1.0301626280517238
28,-5.798408941239472,5.798408941239472,0.5325670498084292,0.5810871812386218,0.9165011155008288,133.99338716787108,16797.547378003444,125.36101768185736,261,139,1,91.06571388244629,21.803996530271647,23.56038839364525,19.217073953703796,0.02397291382336732,0.802388285790974,0.013571095771681356,1.482517882361643,3.8831139448424365,-0.1952254817688362,1.1305972315670756
29,-5.076862693828873,5.076862693828873,0.5864661654135338,0.6403320462440127,0.9158782054616206,197.96499257494153,17389.87517331763,87.84318352010912,266,156,1,97.432852268219,20.66039304287183,25.204251453532063,19.4081922838908,0.03390048559087741,0.8031797767221762,0.052906196797968416,1.1753496828118455,4.178427861124701,0.9668422189463279,1.091248323665382
30,-5.448848701474924,5.448848701474924,0.573076923076923,0.6257683116764188,0.915797288523069,150.312918447105,17504.56942683865,116.45419174665612,260,149,1,96.12649345397949,20.517211152595383,26.82420581920847,21.034397344445264,0.023717435277662926,0.9503975001350852,0.08052981633278297,0.9991081202272227,3.9629396472161997,0.010212262406262607,1.0010732563734255
31,-5.126420475089359,5.126420475089359,0.6212121212121212,0.6788723433157118,0.9150647059475576,161.69358653458377,16916.43481832812,104.62032032859854,264,164,1,101.14433860778809,21.465267107558596,26.005839881536666,18.467217251543282,0.024372046361750287,0.8833801995259786,0.03613345034622571,1.21688672191253,3.3012469345218074,-0.4257282782798443,1.0746679086590276
32,-4.917090628321718,4.917090628321718,0.6156716417910447,0.6719484199038155,0.9162483660266268,219.08690988561457,18425.993217909727,84.10357892915624,268,165,1,99.35930299758911,20.98039892903552,24.408829853627893,19.17113554590753,0.020362301575989596,0.9370191565022167,0.005806975046302357,0.9371593457362404,4.351922653946544,0.47951597100327964,1.068312513980959
33,-5.331976686340264,5.331976686340264,0.5526315789473685,0.6038204938009553,0.9152249461899503,253.4935632196662,22866.066769793764,90.20373724432226,266,147,1,92.13688015937805,22.368653831453734,23.789801854742894,19.30520947580892,0.035282315365791635,0.9733590153530906,0.05878390449901908,1.3799628846224803,3.3764725769676525,0.10410079570566244,1.074473698103173
34,-5.254435965066076,5.254435965066076,0.573076923076923,0.6257410834908254,0.9158371380697836,216.2768426163192,20736.37163481233,95.87883466377026,260,149,1,96.30672216415405,21.957316442740783,23.737398108835656,19.08463868696074,0.029290625285836557,0.8970384638121915,0.030127865246115215,1.108275962352913,3.8743140603367734,-0.3020131063426742,1.0231247226639577
35,-5.346610678947194,5.346610678947194,0.5526315789473685,0.6040376010239483,0.9148959899359944,202.1058570499295,18499.453250827893,91.53348409025905,266,147,1,95.90609979629517,21.363151707852733,23.057771494397873,18.30644474720854,0.03018022772711078,0.8161712802839323,0.07576981603398632,1.0775324692353458,3.8189977926681946,-0.47315417119347136,1.1114394285892915
36,-5.6037750422234005,5.6037750422234005,0.5517241379310345,0.6022392970413711,0.9161211177043691,144.47120794174145,16996.60434767706,117.64700101719234,261,144,1,92.33027458190918,21.397066239534517,25.071265716619862,20.397125428671963,0.001657157535143526,0.9385852021577409,0.09496563529292366,1.1484914833345374,4.495366503143886,0.9602933544340111,1.0405696854507054
37,-5.663574316647986,5.663574316647986,0.5665399239543726,0.6184279072696338,0.9160969569689258,135.88069152180262,18766.777713432755,138.1121740201149,263,149,1,96.25607490539551,21.17906462557691,23.590252722921196,18.631429701778558,0.02860287488804251,0.8838546646495052,0.06291857040169613,1.332215583820457,4.3626640133087955,0.32883318187306243,1.098014052235021
38,-5.4796100779577115,5.4796100779577115,0.5833333333333334,0.636708953440249,0.9161695154143539,142.12537222327404,18287.806676920358,128.67376451398732,264,154,1,98.08464097976685,20.618866111666375,24.445644680596626,19.040726149440435,0.024730096891356124,0.924115904612576,-0.0190956329760515,1.0354669124170888,4.497746270285678,0.30200547795824795,1.1045121834767229
39,-4.883988444189053,4.883988444189053,0.6197718631178707,0.6768470030976794,0.9156749757055924,225.89492423642002,18502.3784370316,81.90701273866225,263,163,1,99.83219313621521,21.142238871098442,24.08283858370984,22.46085692004352,0.008756670187729881,1.0339111799645135,0.015349561748171871,0.8009169510290158,4.2755043385755735,0.44233807503154204,1.0317355024882722
40,-5.206065952815231,5.206065952815231,0.5735849056603773,0.625836371462294,0.9165093813901727,184.07482032523737,16873.227667874246,91.66505032063237,265,152,1,97.08597469329834,20.966606919111516,24.199934270246228,18.796330942393865,0.011918244796702138,0.847415189031724,-0.030911095415896366,0.8400833762206219,4.044124521571616,0.018914281715810832,1.0309964720807194
41,-5.389651150419462,5.389651150419462,0.596958174904943,0.6518015250723425,0.9158588188922809,142.66018781082184,18379.648863500297,128.83516519600477,263,157,1,94.53761696815491,20.993836429803448,24.292111564068815,20.80704350686492,0.04033676105731223,0.898189260472056,0.03703227485641433,0.7551267232283161,4.265237207823052,0.8763051101167458,1.0048898929272956
42,-5.108995224048667,5.108995224048667,0.5513307984790875,0.6016216243944629,0.9164078818377024,211.6788434425981,15143.083368129643,71.53801070457975,263,145,1,95.38120198249817,20.962617509928076,23.626433350270595,23.148650980677658,0.009550179390774011,0.978151796215841,0.02197331412085368,0.8351604423976959,3.0557708371199013,1.0465419071071496,1.040103474262905
43,-5.335730465125288,5.335730465125288,0.6068702290076335,0.6626675832011855,0.9157988777359404,145.0671712345544,18278.61449474144,126.00104034004593,262,159,1,97.5783178806305,21.058230626964,24.052656618004708,23.3462952053565,0.002479604450986479,0.9642039384855139,0.023360984507181458,0.9879078159461194,3.9530443657159964,-0.04150332623266867,1.0544318371223245
44,-4.927919760319939,4.927919760319939,0.5871212121212122,0.6411485607801248,0.915733494600418,204.7473835207885,15564.979696677048,76.02040831499416,264,155,1,96.62697672843933,20.753718912905907,23.63111532461075,22.514407405734428,0.011645103291561973,1.1290545770203355,0.02320032232215285,0.9952957676328709,4.317759377500706,0.6356753828128678,1.0330079947329407
45,-5.488070903893235,5.488070903893235,0.5714285714285714,0.6240321614370424,0.915703719681156,161.61664054176322,19357.303856767383,119.77296268428051,266,152,1,96.07378315925598,21.10936307977933,23.299843452819616,22.77153356706864,0.023562433762954593,1.0295814838683333,-0.031544152555943596,0.9704202257978706,3.93882108328762,0.13650547993600742,1.0406730173101872
46,-5.166497258489758,5.166497258489758,0.571969696969697,0.6244758404955295,0.9159196559403031,229.87165313127454,20034.23021477543,87.15398328533502,264,151,1,94.61646771430969,21.67643763412049,23.856637977902913,22.987864917361033,0.0031905073641116293,1.1052954429550832,0.0026415035372964087,0.872393603051179,4.3824529015376275,-0.1301189985177716,1.014765011232046
47,-4.846598220353742,4.846598220353742,0.6068702290076335,0.6621192621491145,0.9165572785752328,237.4344514849919,18343.84748695137,77.25857546039764,262,159,1,100.33489561080933,20.812035479556364,25.723386667623956,22.334989682963347,0.01238604778590977,1.0736353894280835,-0.01098051016111067,0.823909590463931,4.079419540265216,0.4501311561912233,1.0551926581204718
48,-5.618700090005411,5.618700090005411,0.6174242424242424,0.6733940652789165,0.9168839974384216,96.16251413118013,16359.119745173655,170.11950959245257,264,163,1,99.49032020568848,21.083273593926382,26.23587736444798,22.91687362553411,0.015128765430713663,1.0392858330878054,-0.03841050176447421,1.0742279720615016,3.933214451850758,0.8533190128888695,1.056694944837667
49,-5.0128383733929205,5.0128383733929205,0.532319391634981,0.581924122921217,0.9147573896108245,332.1088682468957,18946.72843340096,57.04975158722838,263,140,1,93.65993523597717,20.74626693569373,24.184224697119983,22.56525976362878,0.003869536174420332,1.1051186075782655,0.03653404452457832,0.968657323823303,4.458022549420565,0.8104474899350251,1.024965129390925
50,-5.245762882465375,5.245762882465375,0.55893536121673,0.6105448026703432,0.9154698537635754,194.19797278582675,16774.18472657808,86.37672415395224,263,147,1,93.96996974945068,20.92888931843886,23.914021639725245,21.8426179573548,0.021605268634537204,1.1441721330945507,0.08411713767333892,1.0287462742602964,3.6878486535069306,1.025229928167744,1.0873794395750294
51,-5.414441826709612,5.414441826709612,0.5280898876404494,0.5770395178476907,0.9151710954046626,220.9830736200665,18296.9307378504,82.79788328633754,267,141,1,92.78874230384827,20.871037771635265,24.057349871388265,18.35269401518716,0.02964069623360938,1.0093210344515093,0.04115329281775435,0.8636272489991133,4.092164341601188,0.1743545393881496,1.0504194875466923
52,-5.361459806520601,5.361459806520601,0.5954198473282443,0.6499168742634656,0.9161476965850727,149.0517663700257,18478.51930061067,123.97383641021179,262,156,1,96.47070622444153,20.521060685309124,23.05601823536034,22.71309201877723,0.029642938281495883,1.0901697290313375,0.012393823684058152,0.8983915785457868,3.443855573659257,0.8706667188216011,1.0431330782520956
53,-4.897060552999652,4.897060552999652,0.6212121212121212,0.6777672301089787,0.9165567374985599,274.3046833368434,22816.000594074576,83.17758310402873,264,164,1,99.36085629463196,20.767052269959645,25.009262796610557,22.56704027204274,0.01799583129969445,1.118921173727862,0.010059012757688486,0.7878825132159186,3.5219586447744464,0.4094213006196617,1.0529225390538686
54,-5.030060295709075,5.030060295709075,0.6145038167938931,0.6712166977786109,0.9155073448375034,191.54218220049188,18001.82127823895,93.98358665140404,262,161,1,97.6599760055542,20.70442161771331,27.13492367744089,20.633116883472127,0.010554823801229301,1.087002685112895,0.0120564315237208,1.1138949926992718,4.032000075003621,-0.21028038980706748,1.0920309660501615
55,-4.995944550858456,4.995944550858456,0.6212121212121212,0.6782062594893378,0.9159634145515984,178.37755098295185,16379.146543316128,91.82291411143737,264,164,1,98.71174097061157,20.840554652533715,26.482494778868553,21.493961192801304,0.00960981176651127,1.0165652496498225,0.017287511722811427,0.7723263264681742,4.457764527537925,0.15549692532285592,1.0982970312946088
56,-5.281431703748242,5.281431703748242,0.6259541984732825,0.682798019249369,0.9167487028761778,160.1405205601463,19712.442436348138,123.09465691379745,262,164,1,99.51905965805054,21.05299703585091,25.84061454720177,22.19040775372012,0.03846249828547332,1.076495689487394,0.03593223245051702,0.7416528195369637,3.9733384551022928,-0.08791231712085595,1.0882896377346452
57,-5.2001416137986185,5.2001416137986185,0.6436781609195402,0.7019997941734184,0.9169207259917362,138.52803058683372,16165.875969166551,116.69750808327036,261,168,1,101.89734029769897,20.959515004464013,25.305376918337096,22.811835563063887,0.004503689888610265,1.073518496165855,-0.029747042868266176,0.7016920610318857,2.938468320803076,0.3769847464427707,1.0237541538152684
58,-5.476513965869279,5.476513965869279,0.6038461538461538,0.6578851362351225,0.9178595480995095,108.40070846016354,15645.095570803756,144.326506653351,260,157,1,100.74172019958496,21.316417722766367,25.927965858220833,23.398478700709713,0.015597808988576654,1.1438257124517421,-0.009107587886663703,0.9759239193300415,3.1018084215578323,0.5018090077427813,1.0457701072712995
59,-5.470083756377267,5.470083756377267,0.6782945736434108,0.7395775629260353,0.9171378468538622,101.06937525373722,16280.40164179523,161.08145124003062,258,175,1,106.19713807106018,20.851862170720914,25.81411243667403,22.13983663524668,0.00961351427882126,1.1432925397946176,0.05424447859080802,0.722078244565787,3.345290376744396,0.3608451619854671,1.0790046694274162
