number,score,loss,transmission,transmission_corrected,decay_survival,cooling_factor,eps6d_in,eps6d_out,n_in,n_out,ok,wall_seconds,p_BLS,p_Grad,p_Grad0,p_delf,p_pitchFactor,p_dtRF,p_wedgeScale,p_irisScale
0,-1.0551747701135337,1.0551747701135337,0.3192307692307692,0.3481315789935338,0.9169830848258055,278.1482107649176,114445.04909388519,411.4534793488593,260,83,1,91.82440185546875,24.05714983841043,26.203425454379854,23.48770249266691,0.09458122517980402,0.9306659476029204,0.055036900642137454,0.6560551581816978,1.3770316556665274
1,-0.5608289770928534,0.5608289770928534,0.5223880597014925,0.5707357408337282,0.9152888496844273,107.05744616740414,20118.57367683858,187.92316085496253,268,140,1,114.17541933059692,21.514999348671026,24.296726205850874,24.25794285068981,0.043445708314609116,0.6610694879918879,0.14790539917070689,1.2945824831477726,1.1055284648539223
2,-0.5016156165405382,0.5016156165405382,0.5555555555555556,0.60555152990859,0.9174372916528153,220.39852426304844,21888.051002649383,99.31124119744884,261,145,1,115.15324783325195,21.796790721629062,20.133009133225425,19.17419074830912,0.045755607915966584,1.1359248551357413,-0.19119237829527524,1.4001243467826652,1.3158616283010127
3,-0.510339319543849,0.510339319543849,0.5513307984790875,0.600291853492326,0.9184379152767156,123.58842501936881,39434.442074600454,319.07876541367267,263,145,1,121.04755282402039,22.18481828939042,29.65658762411987,24.14781539737934,0.091365661208886,1.045096495288994,-0.0872879236685368,1.0232505663105669,1.2817201153852604
4,-0.8256762289483057,0.8256762289483057,0.4015151515151515,0.4379387454535755,0.916829478285371,650.0821115157602,61476.744690011226,94.56766091697145,264,106,1,95.11710715293884,22.73286662353805,20.445970440759545,27.327015613124193,0.07687116972682106,1.1363891795658576,0.07155853044465521,1.4213040948008409,1.185381118817002
5,-0.9819953005122852,0.9819953005122852,0.3436293436293436,0.3745629870257495,0.9174140412483432,254.9843679716113,104043.53262728543,408.03886706838875,259,89,1,80.12358808517456,24.08087891893583,24.43080380323265,20.11484807433935,0.07909269419049322,0.8953196859998649,0.1438598017927164,0.7687670973735325,1.0224361350387174
6,-0.7990666101903493,0.7990666101903493,0.4115384615384615,0.4497485589858336,0.9150412009467369,138.97763293822882,29041.994497331292,208.96883824636402,260,107,1,90.12683129310608,20.149581848839187,21.068185346790898,22.4907419857048,0.06914829290485229,0.9276079393703351,0.1766430963849151,1.471041954171847,1.1929078773266888
7,-0.5297181954127205,0.5297181954127205,0.5399239543726235,0.5887708646327878,0.9170357889726256,116.93487456382788,28616.50201070323,244.72170614150838,263,142,1,103.57108807563782,24.311589598134972,23.784663056045105,26.383580083192726,0.028252626666776894,1.0709855631556375,-0.024942818654159205,1.4246674694908057,1.2707212281332154
8,-0.6886667122551758,0.6886667122551758,0.46037735849056605,0.5022452603051447,0.9166385327575985,133.4742537869224,45179.825439483655,338.4909385716327,265,122,1,85.7699236869812,23.495223561253503,28.96527223048319,20.694753151725717,0.058129155294512416,0.9563816739760499,0.17156346121111182,0.9193409858512,1.365690044581655
9,-0.8340751467308433,0.8340751467308433,0.3977272727272727,0.434275937280809,0.9158399961499516,256.7216717742997,40294.489133299416,156.9578791490765,264,105,1,79.90286326408386,22.443681893989243,22.79893615970586,16.573467466155464,0.0630849584248188,0.7015012975564638,0.12377985509191469,0.8381347926526634,1.0240588264186754
10,-0.7816962523939011,0.7816962523939011,0.41923076923076924,0.45762909811787794,0.9160929035215809,251.41460547255969,59225.137064519484,235.56760735200618,260,109,1,76.59913778305054,23.281217515100575,25.86411351038948,24.44452721155004,0.0718920258792849,0.7382357947702887,0.09684793847898171,1.4712297469855167,1.3901631914909736
11,-0.687621063806357,0.687621063806357,0.4600760456273764,0.5027707069508683,0.9150812473096924,217.30826226118538,25160.876087918972,115.78425885012055,263,121,1,87.42603087425232,21.456746671840776,21.961456990829163,16.219141478460646,0.02969908207413602,0.6259311097753497,0.18013182531046257,0.7042611083159461,1.3031196683702408
12,-0.5509862052817397,0.5509862052817397,0.5298507462686567,0.5763810999089202,0.9192715485507484,88.63131414256874,32686.93154066963,368.7966477411218,268,142,1,90.82096838951111,24.44654106341123,26.85980710937909,24.3276240498899,0.045361058161271145,1.1663796740285726,-0.16639510488586798,1.0251155528128493,1.1209753510241094
13,-0.4152725377536647,0.4152725377536647,0.6053639846743295,0.6601603375699879,0.9169953876699702,168.24201940486194,22388.555605985002,133.0735073507921,261,158,1,94.30944633483887,21.876021157549857,23.448772971352547,21.566109555108724,0.05116712999096855,1.2306301961693065,-0.12000848204374817,1.373074863881692,1.368690254316125
14,-0.5806826945320877,0.5806826945320877,0.5131086142322098,0.5595162574587628,0.9170575606912131,94.28139935521901,15865.478593331043,168.2779286458777,267,137,1,89.69678449630737,20.8393475860756,20.105816880211385,21.45447564738087,0.029013416971097803,1.1959510511123925,-0.16654517236286326,1.3078040366183599,1.1938235258684433
15,-0.5189148499359363,0.5189148499359363,0.5458015267175572,0.595166042146593,0.917057573965423,200.81507411753984,21120.27303035172,105.1727472310656,262,143,1,90.22207641601562,21.556036407222972,21.07687187958918,20.63888144785948,0.06128522125230912,0.9944729072353715,-0.16969726915440217,1.498719580654344,1.2104549918583236
16,-0.3391547496050423,0.3391547496050423,0.6528301886792452,0.712372201242221,0.9164172711131239,77.23158533951573,15819.948375336693,204.83780445255704,265,173,1,100.58766102790833,21.4,25.0,20.0,0.0,1.0,0.0,1.0,1.0
17,-0.38650525537561514,0.38650525537561514,0.623574144486692,0.6794271547203528,0.9177939682781012,55.794681962681686,17516.377305231166,313.9434922659297,263,164,1,102.79723238945007,21.4,25.0,20.0,0.0,1.0,0.0,0.6,1.0
18,-0.34573028594340866,0.34573028594340866,0.6490566037735849,0.7077033389060378,0.9171309051288234,73.22482624125212,16220.595190687038,221.51770134961365,265,172,1,101.12160444259644,21.4,25.0,20.0,0.0,1.0,0.0,0.6,1.35
19,-0.337144561697068,0.337144561697068,0.6539923954372624,0.713805643488576,0.916205134272981,80.55797972616725,14615.296052448439,181.4258016664366,263,172,1,100.76491856575012,21.4,25.0,20.0,0.0,1.0,0.0,1.0,1.35
20,-0.3953433584033566,0.3953433584033566,0.6174242424242424,0.673448765253425,0.9168095247630307,104.90468925962273,18749.458769133442,178.72850967349476,264,163,1,98.03920412063599,20.94175561619722,24.152591700855503,17.52006987075186,0.02532277936184206,0.9928105893540714,-0.048147515180546344,0.9630137143632538,1.0415660084895717
21,-0.35622121398584145,0.35622121398584145,0.6425855513307985,0.7003176830327272,0.917562938790979,69.38962109903126,16889.05235733023,243.3945032388427,263,169,1,99.51729989051819,21.281989266665263,24.721753564887603,17.019003429256017,0.021283840771173745,1.0483587991654555,-0.032417150095917065,0.6477238436898406,1.0514524374664336
22,-0.3907911160408598,0.3907911160408598,0.6197718631178707,0.6765214557612754,0.9161156055582219,99.68283623331332,16701.110822660907,167.54249230600755,263,163,1,98.07308626174927,21.347562988881386,25.31617601856787,19.900145825829323,0.01962220946573168,0.9637328794389461,0.10624169964234989,1.1858926158443808,1.0048142519434662
23,-0.4396696990180452,0.4396696990180452,0.5902255639097744,0.6442491820810887,0.9161448401117029,102.63762489016766,18180.518398365388,177.13307783398466,266,157,1,97.9411780834198,21.032596380207128,25.886386643924226,19.959759961690654,0.01199169711646132,1.0840706572046541,0.037953293876682496,1.287841030616615,1.0600685984966842
24,-0.3655932856449965,0.3655932856449965,0.6360153256704981,0.693784916120446,0.9167327090750432,129.03816397896182,17588.928450581854,136.307956562754,261,166,1,99.62110829353333,21.901229500007506,23.959157274169595,18.169656027520723,0.0048215849478232785,1.1594275005606647,-0.003424264610919814,0.6808735514868738,1.343189880685397
25,-0.3925999225209548,0.3925999225209548,0.6188679245283019,0.6752988654161778,0.916435605362526,65.33203831538938,14361.240275202204,219.81925936358428,265,164,1,98.10010504722595,20.72580794642376,25.577918282578324,18.76599162976204,0.0017103094937174607,1.0756135908143956,-0.017900510234918746,0.9229908467553326,1.3490833306735242
26,-0.46585950199762294,0.46585950199762294,0.575187969924812,0.6275954537609157,0.9164948000785416,94.24323235223676,18567.719163347538,197.01912487413588,266,153,1,94.56106495857239,22.561515287325644,24.350914763393767,20.13852704746027,0.012787306385795724,1.1117598556993058,0.02687628111925885,0.6986603530946305,1.322831312748048
27,-0.3334858165861854,0.3334858165861854,0.6564885496183206,0.716422059878445,0.9163432931276666,93.41835278484875,16206.500927215699,173.48305171405445,262,172,1,104.34721755981445,21.497984784243584,24.66898776555077,22.108713334157024,0.007844053558565241,0.9567217319966231,0.027274428890133443,0.7116454646329828,1.297779560382255
28,-0.48855586673746326,0.48855586673746326,0.5617977528089888,0.6135117474679601,0.9157082242151002,207.34506352675692,20093.51185199412,96.90856155541483,267,150,1,95.3554916381836,20.573993509260376,24.305033931745633,21.17957536931222,0.0038705487542789532,0.7944255851295692,0.03413414295586642,1.3015008957620973,1.3729100338885756
29,-0.47330801352358154,0.47330801352358154,0.5703422053231939,0.6229381682446513,0.9155679237480902,60.040605023173796,17095.176384470986,284.72691735655866,263,150,1,96.42697215080261,20.79678611113001,26.161669992505647,19.40258770690612,0.012695150119500833,0.8995782441216189,0.12977638751298903,0.5054043398751666,1.3813397405767651
30,-0.47428207477649786,0.47428207477649786,0.5703422053231939,0.622331683736484,0.9164601774713689,122.62129602820954,21364.121517047126,174.22847587691635,263,150,1,93.6700873374939,22.660107132523976,22.21954188945144,22.374038267548816,0.013686016553077274,0.8267958568285941,-0.00771518656866932,1.0932460331876437,1.2838622621111149
31,-0.45432945333108143,0.45432945333108143,0.5817490494296578,0.6348735375859437,0.916322724115597,160.1821749834756,18969.588004879275,118.4250869788488,263,153,1,94.46974658966064,22.66155551744935,23.01713314284096,21.558166216844903,0.003207076748313001,1.039885822789488,0.005916647907979986,1.2275121213668492,1.357714652599816
32,-0.3715359210753362,0.3715359210753362,0.6325757575757576,0.6896742315441426,0.9172095007224719,100.73240933592028,19271.131817802132,191.31014481682033,264,167,1,100.08554720878601,20.666563918627155,26.03402613137629,25.260366503769305,0.046815200418384766,1.08317660174259,0.06389221558092423,0.7549065247402718,1.2932774756369474
33,-0.39201216338826755,0.39201216338826755,0.6197718631178707,0.6756958951591183,0.9172349093106771,50.32308532101756,17760.03086787994,352.9201509523189,263,163,1,97.29494428634644,22.863883902724233,26.192641021276206,18.053689843136336,0.0034912116614859447,0.9885021766029567,0.08439838280838602,1.1298780392262757,1.291547076233895
34,-0.31953281099411474,0.31953281099411474,0.6666666666666666,0.7264883651794541,0.917656357100763,56.29540013479784,16569.509030798188,294.33149051473015,261,174,1,103.20076370239258,21.52354984435365,28.68842119662004,22.246716660187214,0.0036118821222416698,0.7917072004759791,0.06650935062347023,0.9371905219660643,1.2714573349181402
35,-0.3382033493506205,0.3382033493506205,0.6541353383458647,0.7130502748442774,0.9173761814883542,74.76777646720332,16432.557390501068,219.78127700118463,266,174,1,103.86829996109009,21.830824944058318,24.99971958764091,21.443987177093685,0.011274349529319678,1.0290481847203314,-0.07376887445118689,0.505027472891092,1.3606511522443445
36,-0.3486725161628472,0.3486725161628472,0.6475095785440613,0.705624172948263,0.9176408679972154,48.80755861779187,15638.19507387516,320.4051896210714,261,169,1,101.04907846450806,20.574052228755505,23.87326354570913,18.630083242708935,0.0013026971808042084,0.903254794049212,-0.06299300164157853,0.5512885545491277,1.3718265874385926
37,-0.3925752752406144,0.3925752752406144,0.6197718631178707,0.675315509901747,0.9177515606120797,78.19201693774126,17327.237316939136,221.59854669992185,263,163,1,99.43104791641235,22.081792167764565,23.26984452533155,24.65489773512289,0.0014314795721831657,0.8755191562330469,-0.04484134923201247,0.6911763908285636,1.3021243854340632
38,-0.3254561637974949,0.3254561637974949,0.6615384615384615,0.722197837982912,0.9160072583242962,62.827012660392434,17319.623123770554,275.67160032565477,260,172,1,102.96713781356812,22.192331031384416,29.853106310127828,20.213371573517165,0.010853107950960143,0.6522658534222168,0.08589579502245448,0.8640952650072844,1.2452539418427013
39,-0.3806988006225524,0.3806988006225524,0.6269230769230769,0.6833836933673636,0.9173807964804109,70.16286409079967,18203.008294041425,259.43935627377493,260,163,1,98.75093078613281,20.795010277848966,28.51028675186137,22.89877554109891,0.002337441739027538,0.7083572379520998,0.07110841008193251,0.9158782945596584,1.2770727655246445
40,-0.4159776688144497,0.4159776688144497,0.6045627376425855,0.6596950020913996,0.9164276456937964,60.86184016234023,16555.053215290463,272.0103955307995,263,159,1,95.23644232749939,21.23835228645669,29.117768985978238,24.183769971975433,0.012066854448631585,0.8950483267348994,0.1570408298475274,0.9798002462173837,1.2530975576249768
41,-0.35855529763097715,0.35855529763097715,0.6404494382022472,0.6986849891456466,0.916649775151732,63.7194140775916,14541.78361915381,228.21590294986348,267,171,1,101.51127076148987,21.86060482611715,28.336942006796004,20.33182691461565,0.006683650641444267,0.7525694027144789,0.05053673360196499,0.8766909859382689,1.2970010928485425
42,-0.4216325260734693,0.4216325260734693,0.6007604562737643,0.6559750488352883,0.9158282122779519,88.03047773735882,19329.07986443063,219.57258850848717,263,158,1,97.09554147720337,22.243441003529217,28.297515994675013,22.902272133580436,0.01701628007504182,0.7493485931915538,0.1437102457756482,0.9863884859041162,1.3098517959515925
43,-0.2927184982402161,0.2927184982402161,0.6844106463878327,0.7462321768040453,0.917155099528164,39.65599492795894,14789.235160919105,372.9381947870925,263,180,1,103.27539539337158,21.488079377918005,29.374709611135028,17.32968319496505,0.004410080987946908,0.6949338068957879,0.06765773567149201,0.64126689659854,1.1930122719494407
44,-0.47647712767114586,0.47647712767114586,0.5687022900763359,0.6209671309533324,0.9158331604496399,47.91208724919288,19411.05414353026,405.1389797019802,262,149,1,94.99230885505676,22.95466794418614,28.623500295714376,19.598572954782572,0.009807533854831152,0.6460735524893105,0.16492342780349628,0.74899685860029,1.1922953428796568
45,-0.3556906000403551,0.3556906000403551,0.6436781609195402,0.7006893799666825,0.9186355314107185,64.70627268879917,17116.90437978116,264.5323809965667,261,168,1,98.52911901473999,22.05284842664031,27.06574461598127,21.971286088469117,0.013686715297918688,1.1779586662526713,-0.17192973307318088,0.6255806069823089,1.285670270750488
46,-0.4334611873432859,0.4334611873432859,0.5938697318007663,0.6482614528765851,0.9160960121345149,63.58742072007006,19460.51855683431,306.04352773648515,261,155,1,96.44628286361694,23.519850181496125,29.591035020020186,19.445928003295045,0.012582371876316807,0.6373433301774635,0.1575032965899858,0.7646212656686915,1.154641975906143
47,-0.41528659787866823,0.41528659787866823,0.6053639846743295,0.6601510556983716,0.917008280830388,67.70353676459074,17426.28402717993,257.39104424887233,261,158,1,98.99656939506531,21.75405494276019,28.80559725755582,16.868777617102367,0.02596027010737974,0.7380959491519233,0.06870765389147486,0.5260486034971369,1.2125834628109178
48,-0.34821519107560767,0.34821519107560767,0.6477272727272727,0.7059469463852844,0.9175296756277246,41.42069711267463,15884.530446441993,383.49259075075696,264,171,1,103.21859049797058,20.836680100696263,29.18607070920063,17.813452087106118,0.01377413804496102,0.6189986430450235,-0.05004872045995738,0.5364239210075712,1.2551786745044662
49,-0.30965460265746736,0.30965460265746736,0.6730769230769231,0.7337003306087584,0.9173730677188936,54.149160395454714,15684.522948343903,289.65403773205065,260,175,1,103.18131232261658,21.785159173223207,29.333305172232645,17.97643044021399,0.009408717653097944,0.823996226870615,0.029518054288685765,0.5659571528063989,1.1743858298375442
50,-0.3045642526622415,0.3045642526622415,0.676923076923077,0.7374446439307082,0.9179306982486973,38.82157577737755,16448.516212684233,423.69522316683646,260,176,1,103.64057064056396,20.972587172537004,29.79258210875772,16.685021628745368,0.009626290759075116,0.8716673717094776,-0.007595424641023946,0.6109839660104466,1.059869890881174
51,-0.39783624570883264,0.39783624570883264,0.6159695817490495,0.6717720242072109,0.9169324704701473,36.235744850677094,15361.312936551794,423.92706428014145,263,162,1,99.51164865493774,21.340824189316773,29.332622652086908,20.02707482985875,0.010186274481499507,0.6108495332997788,0.05118411163557781,0.5326017116819011,1.182927191434119
52,-0.3625138765828399,0.3625138765828399,0.6384615384615384,0.6959246565554912,0.9174291102453979,83.45166341482631,16703.77071508084,200.16102773229068,260,166,1,100.69702124595642,22.273075429359707,29.546643125763524,18.215229021444767,0.009531346301145376,0.7590775771941153,0.009912424229368992,0.8718004307672262,1.0854167104999988
53,-0.31893502433133675,0.31893502433133675,0.6653846153846154,0.7269227800655979,0.9153442891479763,66.67270553891947,14583.98847429285,218.74001296946923,260,173,1,101.11087584495544,21.561523555633414,29.985526758044983,17.872684868512323,0.00042169145851385544,0.6838890954823008,0.1326760662140053,1.3933893974671112,1.2333317778052126
54,-0.2910803870316392,0.2910803870316392,0.685823754789272,0.7474555898668178,0.9175444857017828,39.15182059857843,17174.500771606316,438.6641670561268,261,179,1,106.10645532608032,20.14172769134424,29.949277249710665,21.658178255576146,0.018159764150979835,0.8044061527628263,0.01565093594948641,0.605986779050034,1.113059663262829
55,-0.4294842686648705,0.4294842686648705,0.5977443609022557,0.6508446691729436,0.9184132393092121,52.2293262915213,17605.998634112148,337.09028785558417,266,159,1,101.2037832736969,21.797286503819677,28.72497748620963,18.160471766019384,0.039449508640866854,0.9194296538872557,-0.14365347899729705,0.6201195510888518,1.0900635435709
56,-0.4652396594011809,0.4652396594011809,0.5747126436781609,0.6279845847440108,0.9151699860792515,108.12703836974077,25304.98205534074,234.0301041892063,261,150,1,93.38300943374634,22.619429940999566,29.925279850828364,17.93825598533005,0.03413178579078135,0.6682272642300803,0.19113334262194112,1.3836060697329207,1.2615789888535722
57,-0.3023924221339456,0.3023924221339456,0.678030303030303,0.739047989188186,0.9174374505437617,33.27895080430409,16487.316298411155,495.42776740061134,264,179,1,103.56812858581543,20.216006318496735,29.441448740197735,18.986558977600343,0.021907418255906093,0.9947843114758935,0.003376683404421396,0.5680866676867137,1.0577475115826742
58,-0.3253606218883821,0.3253606218883821,0.6615384615384615,0.7222668414394185,0.9159197454227161,87.81519272291409,15174.430215649074,172.79960044646725,260,172,1,100.6409912109375,20.720281759136853,28.5251395218226,16.624217897637894,0.00010689194524219925,0.8054517138602338,0.12077493270361495,1.4974721296479234,1.209363042104482
59,-0.38077063302730424,0.38077063302730424,0.6259541984732825,0.6833346060363524,0.9160288282545763,60.12237203015719,16163.255485466834,268.8392846070577,262,164,1,100.68607807159424,21.230020972453936,29.67117422677128,20.30452850908953,0.01809750047566594,0.9696440575831596,0.11868585236845766,0.6416982385708107,1.0427710861616355
60,-0.34305368099599437,0.34305368099599437,0.6513409961685823,0.7096001184966624,0.9178986575544744,63.45337071255532,16308.600662638832,257.01708954937993,261,170,1,102.9388279914856,20.0978794251923,29.57400780803328,17.010272793713764,0.016176071594288507,0.8277303470440829,-0.05207717871023261,0.5079240684332392,1.0822956058646545
61,-0.33422541997127914,0.33422541997127914,0.6564885496183206,0.7158923875956545,0.9170212744168946,74.36560670218749,19438.623731970874,261.3926597790949,262,172,1,103.67343306541443,21.98678771644982,28.827444033572405,18.75554321675407,0.012557907944069675,1.0485780066729549,0.09022072180794188,0.5066179877245938,1.2093292463736902
62,-0.34222461962468353,0.34222461962468353,0.6515151515151515,0.7101886644806448,0.9173832026615057,60.04282336729214,16087.856539390288,267.93970764795887,264,172,1,102.41109895706177,20.35915548600983,29.616648378948366,24.170549024271377,0.0018259250638246668,0.9088089479292045,-0.05647809013764106,0.54911734746143,1.1216531711239057
63,-0.3911858932983708,0.3911858932983708,0.6203007518796992,0.6762544331870104,0.917259424025339,64.94888525217176,17051.85593060888,262.5427036107398,266,165,1,99.83505058288574,20.383741200119143,28.32328684200218,19.897462563205952,0.013840334055877802,0.8844728929054141,-0.014435709604699675,0.7541834464586376,1.1232335597812162
